engine,num_waters,num_atoms,mean_ms_per_step,std_ms_per_step,alpha,kmax,speed_steps_per_s
torchff,300,900,0.906228079329594,0.03600244746501382,2.98406444832799,8,1103.474967074267
openmm,300,900,0.2796460628509521,nan,0.0 /nm,0,3575.9487897134727
torchff,1000,3000,0.8609901954332599,0.020109087676552565,2.98406444832799,12,1161.4534117857042
openmm,1000,3000,0.9337238788604737,nan,0.0 /nm,0,1070.9804286256558
torchff,3000,9000,2.5602437257475685,0.18826370874587922,2.98406444832799,17,390.5878139425999
openmm,3000,9000,2.607360196113586,nan,0.0 /nm,0,383.52967169267794
torchff,10000,30000,19.580916969571263,0.18688317320109077,2.98406444832799,26,51.070131268826664
openmm,10000,30000,18.348403120040892,nan,0.0 /nm,0,54.50065564058587
